Email,Id,First name,Last name
laura@example.com,2070,Laura,Grey
craig@example.com,4081,Craig,Johnson
mary@google.com,9346,Mary,Jenkins
jamie@example.com,5079,Jamie,Smith
laura@example.com,2070,Laura,Grey
craig@example.com,4081,Craig,Johnson
gary@google.com,9123,Gary,Jenkins
jamie@example.com,5079,Jamie,Smith
laura@example.com,2070,Laura,Grey
craig@example.com,4081,Craig,Johnson
max@google.com,4567,Max,Jenkins
jamie@example.com,5079,Jamie,Smith
laura@example.com,2070,Laura,Grey
craig@example.com,4081,Craig,Johnson
lucy@google.com,9678,Lucy,Jenkins
jamie@example.com,5079,Jamie,Smith
laura@example.com,2070,Laura,Grey
craig@example.com,4081,Craig,Johnson
mary@email.ru,9346,Mary,Jenkins
jamie@example.com,5079,Jamie,Smith
laura@example.com,2070,Laura,Grey
craig@example.com,4081,Craig,Johnson
mary@gemail.ru,9346,Mary,Jenkins
jamie@example.com,5079,Jamie,Smith
laura@example.com,2070,Laura,Grey
craig@example.com,4081,Craig,Johnson
mary@email.ru,9346,Mary,Jenkins
jamie@example.com,5079,Jamie,Smith
laura@example.com,2070,Laura,Grey
craig@example.com,4081,Craig,Johnson
mary@email.ru,9346,Mary,Jenkins
jamie@example.com,5079,Jamie,Smith